<annotation>
	<folder>Surf</folder>
	<filename>frame682.jpg</filename>
	<path>C:\Users\Shivakumar\Desktop\test1\Surf\frame682.jpg</path>
	<source>
		<database>Unknown</database>
	</source>
	<size>
		<width>640</width>
		<height>352</height>
		<depth>3</depth>
	</size>
	<segmented>0</segmented>
	<object>
		<name>surf</name>
		<pose>Unspecified</pose>
		<truncated>0</truncated>
		<difficult>0</difficult>
		<bndbox>
			<xmin>240</xmin>
			<ymin>106</ymin>
			<xmax>459</xmax>
			<ymax>336</ymax>
		</bndbox>
	</object>
</annotation>
