<annotation>
	<folder>Surf</folder>
	<filename>frame726.jpg</filename>
	<path>C:\Users\Shivakumar\Desktop\test1\Surf\frame726.jpg</path>
	<source>
		<database>Unknown</database>
	</source>
	<size>
		<width>640</width>
		<height>352</height>
		<depth>3</depth>
	</size>
	<segmented>0</segmented>
	<object>
		<name>surf</name>
		<pose>Unspecified</pose>
		<truncated>0</truncated>
		<difficult>0</difficult>
		<bndbox>
			<xmin>168</xmin>
			<ymin>45</ymin>
			<xmax>380</xmax>
			<ymax>304</ymax>
		</bndbox>
	</object>
</annotation>
