<annotation>
	<folder>Surf</folder>
	<filename>frame407.jpg</filename>
	<path>C:\Users\Shivakumar\Desktop\test1\Surf\frame407.jpg</path>
	<source>
		<database>Unknown</database>
	</source>
	<size>
		<width>640</width>
		<height>352</height>
		<depth>3</depth>
	</size>
	<segmented>0</segmented>
	<object>
		<name>surf</name>
		<pose>Unspecified</pose>
		<truncated>0</truncated>
		<difficult>0</difficult>
		<bndbox>
			<xmin>260</xmin>
			<ymin>92</ymin>
			<xmax>433</xmax>
			<ymax>305</ymax>
		</bndbox>
	</object>
</annotation>
