<annotation>
	<folder>Surf</folder>
	<filename>frame1408.jpg</filename>
	<path>C:\Users\Shivakumar\Desktop\test1\Surf\frame1408.jpg</path>
	<source>
		<database>Unknown</database>
	</source>
	<size>
		<width>640</width>
		<height>352</height>
		<depth>3</depth>
	</size>
	<segmented>0</segmented>
	<object>
		<name>surf</name>
		<pose>Unspecified</pose>
		<truncated>1</truncated>
		<difficult>0</difficult>
		<bndbox>
			<xmin>418</xmin>
			<ymin>181</ymin>
			<xmax>640</xmax>
			<ymax>348</ymax>
		</bndbox>
	</object>
</annotation>
