<annotation>
	<folder>Surf</folder>
	<filename>frame121.jpg</filename>
	<path>C:\Users\Shivakumar\Desktop\test1\Surf\frame121.jpg</path>
	<source>
		<database>Unknown</database>
	</source>
	<size>
		<width>640</width>
		<height>352</height>
		<depth>3</depth>
	</size>
	<segmented>0</segmented>
	<object>
		<name>surf</name>
		<pose>Unspecified</pose>
		<truncated>0</truncated>
		<difficult>0</difficult>
		<bndbox>
			<xmin>222</xmin>
			<ymin>40</ymin>
			<xmax>381</xmax>
			<ymax>255</ymax>
		</bndbox>
	</object>
</annotation>
